{"name": "my_city", "money": 7078, "hash": "5779cc39462de115870e81134a3193bd010285019fa9a3a90ec148086f60bbca", "tax": 15, "grid": [["home-3-1", "home-1-1", "factory-1", "factory-2", "", "", "", "", "", "", ""], ["home-1-1", "home-1-1", "factory-1", "factory-6", "", "", "", "", "", "", ""], ["home-2-1", "home-1-1", "factory-3", "factory-5", "", "", "", "", "", "", ""], ["home-3-1", "factory-6", "factory-4", "factory-4", "", "", "", "", "", "", ""], ["", "", "", "", "", "", "", "", "", "", ""], ["", "", "", "", "", "", "", "", "", "", ""], ["", "", "", "", "", "", "", "", "", "", ""], ["", "", "", "", "", "", "", "", "", "", ""], ["", "", "", "", "", "", "", "", "", "", ""], ["", "", "", "", "", "", "", "", "", "", ""], ["", "", "", "", "", "", "", "", "", "", ""]], "resources": {"1": 0, "2": 0, "3": 0, "6": 0, "5": 0, "4": 0}, "datetime": {"tax": 1675278548.883846, "factory": {"0-2": 1675278590.154452, "0-3": 1675278590.155286, "1-2": 1675278590.155428, "2-2": 1675278590.15554, "1-3": 1675278590.155673, "2-3": 1675278590.155774, "3-3": 1675278590.155894, "3-2": 1675278969.394691, "3-1": 1675278996.730443}}}