{"name": "my_city", "money": 1436, "population": 3367, "hash": "5779cc39462de115870e81134a3193bd010285019fa9a3a90ec148086f60bbca", "tax": 22, "grid": [["home-3-1", "home-1-1", "factory-1", "factory-2", "", "", "", "", "", "", ""], ["home-1-1", "home-1-1", "factory-1", "factory-6", "", "", "", "", "", "", ""], ["home-2-1", "home-1-1", "factory-3", "factory-5", "", "", "", "", "", "", ""], ["home-3-1", "factory-6", "factory-4", "factory-4", "", "", "", "", "", "", ""], ["home-1-1", "home-3-1", "park-1", "park-1", "", "", "", "", "", "", ""], ["home-2-1", "park-1", "park-1", "park-2", "", "", "", "", "", "", ""], ["factory-1", "", "", "", "", "", "", "", "", "", ""], ["", "", "", "", "", "", "", "", "", "", ""], ["", "", "", "", "", "", "", "", "", "", ""], ["", "", "", "", "", "", "", "", "", "", ""], ["", "", "", "", "", "", "", "", "", "", ""]], "resources": {"1": 0.09783139888888889, "2": 0.016305233333333332, "3": 0.010870155555555556, "6": 0.010870109074074076, "5": 0.006522093333333334, "4": 0.016305233333333332}, "datetime": {"tax": 1675472026.255969, "factory": {"0-2": 1675472141.807694, "0-3": 1675472141.807694, "1-2": 1675472141.807694, "2-2": 1675472141.807694, "1-3": 1675472141.807694, "2-3": 1675472141.807694, "3-3": 1675472141.807694, "3-2": 1675472141.807694, "3-1": 1675472141.807694, "6-0": 1675472141.808694}}}