{"name": "my_city", "money": 24693, "hash": "5779cc39462de115870e81134a3193bd010285019fa9a3a90ec148086f60bbca", "tax": 11, "grid": [["home-3-1", "home-1-1", "factory-1", "factory-2"], ["home-1-1", "home-1-1", "factory-1", "factory-6"], ["home-2-1", "home-1-1", "factory-3", ""], ["home-3-1", "", "", ""]], "resources": {"1": 0, "2": 0, "3": 0, "6": 0}, "datetime": {"tax": 1674869145.219741, "factory": {"0-2": 1674869868.512394, "0-3": 1674869868.512394, "1-2": 1674869868.512394, "2-2": 1674869868.512394, "1-3": 1674869868.512394}}}