{"name": "my_city", "money": 37537.76489344318, "population": 8452, "hash": "5779cc39462de115870e81134a3193bd010285019fa9a3a90ec148086f60bbca", "tax": 752.25, "grid": [["home-3-1", "home-1-1", "factory-1", "factory-2", "factory-8", "", "", "", "", "", "", ""], ["home-1-1", "home-1-1", "factory-1", "factory-6", "factory-8", "", "", "", "", "", "", ""], ["home-2-1", "home-1-1", "factory-3", "factory-5", "factory-8", "", "", "", "", "", "", ""], ["home-3-1", "factory-6", "factory-4", "factory-4", "factory-8", "", "", "", "", "", "", ""], ["home-1-1", "home-3-1", "park-1", "park-1", "factory-8", "", "", "", "", "", "", ""], ["home-2-1", "park-1", "park-1", "park-2", "factory-8", "factory-8", "", "", "", "", "", ""], ["factory-1", "home-1-2", "park-4", "park-3", "factory-8", "factory-8", "", "", "", "", "", ""], ["factory-7", "factory-8", "home-1-2", "home-3-2", "factory-7", "factory-8", "park-4", "", "", "", "", ""], ["home-3-2", "home-3-2", "home-3-1", "home-3-2", "factory-7", "factory-1", "factory-1", "factory-1", "factory-1", "factory-1", "", ""], ["factory-1", "factory-1", "factory-1", "factory-1", "factory-1", "factory-1", "factory-1", "factory-1", "factory-1", "factory-1", "", ""], ["", "", "", "", "", "", "", "", "", "", "", ""], ["", "", "", "", "", "", "", "", "", "", "", ""]], "resources": {"1": 9.721923673333334, "2": 0, "3": 0.25410965268518515, "6": 0.2541096063888889, "5": 0.15246579161111112, "4": 0.3811643401388889, "7": 0.32671240626984127, "8": 0, "c1": 4}, "datetime": {"tax": 1675730705.735921, "factory": {"0-2": 1675730466.66212, "0-3": 1675730466.66212, "1-2": 1675730466.663099, "2-2": 1675730466.663099, "1-3": 1675730466.663099, "2-3": 1675730466.663099, "3-3": 1675730466.663099, "3-2": 1675730466.663099, "3-1": 1675730466.663099, "6-0": 1675730466.663099, "7-0": 1675730466.663099, "7-1": 1675730466.664072, "0-4": 1675730466.664072, "1-4": 1675730466.664072, "2-4": 1675730466.664072, "3-4": 1675730466.665045, "4-4": 1675730466.665045, "5-4": 1675730466.665045, "6-4": 1675730466.665045, "7-4": 1675730466.665045, "8-4": 1675730466.665045, "9-0": 1675730466.665045, "9-1": 1675730466.665045, "9-2": 1675730466.665045, "9-3": 1675730466.666018, "9-4": 1675730466.666018, "9-5": 1675730466.666018, "9-6": 1675730466.666018, "9-7": 1675730466.666018, "9-8": 1675730466.666018, "9-9": 1675730466.666992, "8-9": 1675730466.666992, "8-8": 1675730466.666992, "8-7": 1675730466.666992, "8-6": 1675730466.666992, "8-5": 1675730466.666992, "7-5": 1675730466.667965, "6-5": 1675730466.667965, "5-5": 1675730466.667965}}}