{"name": "my_city", "money": 23418, "hash": "5779cc39462de115870e81134a3193bd010285019fa9a3a90ec148086f60bbca", "tax": 10, "grid": [["home-3-1", "home-1-1", "factory-1", "factory-2"], ["home-1-1", "home-1-1", "factory-1", ""], ["home-2-1", "home-1-1", "factory-3", ""], ["home-3-1", "", "", ""]], "resources": {}, "datetime": {"tax": 1674526071.912779, "factory": {"0-2": 1674524965.174655, "0-3": 1674524965.174655, "1-2": 1674524965.174655, "2-2": 1674524965.175661}}}