{"name": "my_city", "money": 41205.63309599063, "population": 8452, "hash": "5779cc39462de115870e81134a3193bd010285019fa9a3a90ec148086f60bbca", "tax": 779.25, "grid": [["home-3-1", "home-1-1", "factory-1", "factory-2", "factory-8", "factory-2", "", "", "", "", "", ""], ["home-1-1", "home-1-1", "factory-1", "factory-6", "factory-8", "factory-2", "", "", "", "", "", ""], ["home-2-1", "home-1-1", "factory-3", "factory-5", "factory-8", "factory-2", "", "", "", "", "", ""], ["home-3-1", "factory-6", "factory-4", "factory-4", "factory-8", "factory-2", "", "", "", "", "", ""], ["home-1-1", "home-3-1", "park-1", "park-1", "factory-8", "factory-2", "", "", "", "", "", ""], ["home-2-1", "park-1", "park-1", "park-2", "factory-8", "factory-8", "park-5", "", "", "", "", ""], ["factory-1", "home-1-2", "park-4", "park-3", "factory-8", "factory-8", "park-4", "", "", "", "", ""], ["factory-7", "factory-8", "home-1-2", "home-3-2", "factory-7", "factory-8", "park-4", "", "", "", "", ""], ["home-3-2", "home-3-2", "home-3-1", "home-3-2", "factory-7", "factory-1", "factory-1", "factory-1", "factory-1", "factory-1", "", ""], ["factory-1", "factory-1", "factory-1", "factory-1", "factory-1", "factory-1", "factory-1", "factory-1", "factory-1", "factory-1", "", ""], ["", "", "", "", "", "", "", "", "", "", "", ""], ["", "", "", "", "", "", "", "", "", "", "", ""]], "resources": {"1": 411.0697006563888, "2": 59.495234464582325, "3": 0, "6": 9.11291713101852, "5": 0, "4": 0, "7": 0, "8": 0, "c1": 2, "c2": 0, "c8": 0}, "datetime": {"tax": 1675821790.599996, "factory": {"0-2": 1675815341.783013, "0-3": 1675815341.783013, "1-2": 1675815341.784365, "2-2": 1675815341.784365, "1-3": 1675815341.784365, "2-3": 1675815341.784365, "3-3": 1675815341.784365, "3-2": 1675815341.784365, "3-1": 1675815341.784365, "6-0": 1675815341.784365, "7-0": 1675815341.785805, "7-1": 1675815341.785805, "0-4": 1675815341.785805, "1-4": 1675815341.785805, "2-4": 1675815341.785805, "3-4": 1675815341.785805, "4-4": 1675815341.785805, "5-4": 1675815341.785805, "6-4": 1675815341.787062, "7-4": 1675815341.787062, "8-4": 1675815341.787062, "9-0": 1675815341.787062, "9-1": 1675815341.787062, "9-2": 1675815341.787062, "9-3": 1675815341.787062, "9-4": 1675815341.787062, "9-5": 1675815341.787062, "9-6": 1675815341.787062, "9-7": 1675815341.787062, "9-8": 1675815341.787062, "9-9": 1675815341.788537, "8-9": 1675815341.788537, "8-8": 1675815341.788537, "8-7": 1675815341.788537, "8-6": 1675815341.788537, "8-5": 1675815341.788537, "7-5": 1675815341.788537, "6-5": 1675815341.788537, "5-5": 1675815341.788537, "4-5": 1675815341.789545, "3-5": 1675815341.789545, "2-5": 1675815341.789545, "1-5": 1675815341.789545, "0-5": 1675815341.789545}}}