{"name": "my_city", "money": 2796, "hash": "5779cc39462de115870e81134a3193bd010285019fa9a3a90ec148086f60bbca", "tax": 19, "grid": [["home-3-1", "home-1-1", "factory-1", "factory-2", "", "", "", "", "", "", ""], ["home-1-1", "home-1-1", "factory-1", "factory-6", "", "", "", "", "", "", ""], ["home-2-1", "home-1-1", "factory-3", "factory-5", "", "", "", "", "", "", ""], ["home-3-1", "factory-6", "factory-4", "factory-4", "", "", "", "", "", "", ""], ["home-1-1", "home-3-1", "park-1", "park-1", "", "", "", "", "", "", ""], ["home-2-1", "park-1", "park-1", "", "", "", "", "", "", "", ""], ["", "", "", "", "", "", "", "", "", "", ""], ["", "", "", "", "", "", "", "", "", "", ""], ["", "", "", "", "", "", "", "", "", "", ""], ["", "", "", "", "", "", "", "", "", "", ""], ["", "", "", "", "", "", "", "", "", "", ""]], "resources": {"1": 42, "2": 12, "3": 7, "6": 10, "5": 4, "4": 12}, "datetime": {"tax": 1675449575.837171, "factory": {"0-2": 1675449760.349963, "0-3": 1675449760.350021, "1-2": 1675449760.350078, "2-2": 1675449760.350134, "1-3": 1675449760.350184, "2-3": 1675449760.350234, "3-3": 1675449760.350281, "3-2": 1675449760.350327, "3-1": 1675449760.350371}}}