{"name": "my_city", "money": 56011.63309599063, "population": 8452, "hash": "5779cc39462de115870e81134a3193bd010285019fa9a3a90ec148086f60bbca", "tax": 779.5, "grid": [["home-3-1", "home-1-1", "factory-1", "factory-2", "factory-8", "factory-2", "", "", "", "", "", ""], ["home-1-1", "home-1-1", "factory-1", "factory-6", "factory-8", "factory-2", "", "", "", "", "", ""], ["home-2-1", "home-1-1", "factory-3", "factory-5", "factory-8", "factory-2", "", "", "", "", "", ""], ["home-3-1", "factory-6", "factory-4", "factory-4", "factory-8", "factory-2", "", "", "", "", "", ""], ["home-1-1", "home-3-1", "park-1", "park-1", "factory-8", "factory-2", "", "", "", "", "", ""], ["home-2-1", "park-1", "park-1", "park-2", "factory-8", "factory-8", "park-5", "", "", "", "", ""], ["factory-1", "home-1-2", "park-4", "park-3", "factory-8", "factory-8", "park-4", "", "", "", "", ""], ["factory-7", "factory-8", "home-1-2", "home-3-2", "factory-7", "factory-8", "park-4", "park-3", "", "", "", ""], ["home-3-2", "home-3-2", "home-3-1", "home-3-2", "factory-7", "factory-1", "factory-1", "factory-1", "factory-1", "factory-1", "", ""], ["factory-1", "factory-1", "factory-1", "factory-1", "factory-1", "factory-1", "factory-1", "factory-1", "factory-1", "factory-1", "", ""], ["", "", "", "", "", "", "", "", "", "", "", ""], ["", "", "", "", "", "", "", "", "", "", "", ""]], "resources": {"1": 810.9223546958332, "2": 125.30400937847124, "3": 6.423197447222223, "6": 15.536114596018521, "5": 3.4539184761111112, "4": 9.134796200347223, "7": 8.544110812222222, "8": 28.620688931666663, "c1": 3, "c2": 1, "c8": 2, "c3": 1, "c4": 1, "c5": 1, "c6": 1, "c7": 0}, "datetime": {"tax": 1675895506.439642, "factory": {"0-2": 1675895512.316672, "0-3": 1675895512.316736, "1-2": 1675895512.31677, "2-2": 1675895512.316822, "1-3": 1675895512.316887, "2-3": 1675895512.316945, "3-3": 1675895512.316994, "3-2": 1675895512.31704, "3-1": 1675895512.317104, "6-0": 1675895512.317149, "7-0": 1675895512.317195, "7-1": 1675895512.317239, "0-4": 1675895512.317284, "1-4": 1675895512.317328, "2-4": 1675895512.317372, "3-4": 1675895512.317415, "4-4": 1675895512.31746, "5-4": 1675895512.317504, "6-4": 1675895512.317548, "7-4": 1675895512.317592, "8-4": 1675895512.317635, "9-0": 1675895512.31768, "9-1": 1675895512.317723, "9-2": 1675895512.317767, "9-3": 1675895512.317839, "9-4": 1675895512.31789, "9-5": 1675895512.317939, "9-6": 1675895512.317987, "9-7": 1675895512.318035, "9-8": 1675895512.318128, "9-9": 1675895512.318166, "8-9": 1675895512.318202, "8-8": 1675895512.318248, "8-7": 1675895512.318299, "8-6": 1675895512.318349, "8-5": 1675895512.318397, "7-5": 1675895512.318447, "6-5": 1675895512.318495, "5-5": 1675895512.318543, "4-5": 1675895512.318591, "3-5": 1675895512.318639, "2-5": 1675895512.318687, "1-5": 1675895512.318734, "0-5": 1675895512.318783}}}