{"name": "my_city", "money": 4324, "hash": "5779cc39462de115870e81134a3193bd010285019fa9a3a90ec148086f60bbca", "tax": 11, "grid": [["home-3-1", "home-1-1", "factory-1", "factory-2"], ["home-1-1", "home-1-1", "factory-1", "factory-6"], ["home-2-1", "home-1-1", "factory-3", ""], ["home-3-1", "", "", ""]], "resources": {"1": 768, "2": 764, "3": 1148, "6": 4}, "datetime": {"tax": 1674868532.383063, "factory": {"0-2": 1674524965.174655, "0-3": 1674524965.174655, "1-2": 1674524965.174655, "2-2": 1674524965.175661, "1-3": 1674868525.86497}}}