{"name": "my_city", "money": 7078, "hash": "5779cc39462de115870e81134a3193bd010285019fa9a3a90ec148086f60bbca", "tax": 15, "grid": [["home-3-1", "home-1-1", "factory-1", "factory-2", "", "", "", "", "", "", ""], ["home-1-1", "home-1-1", "factory-1", "factory-6", "", "", "", "", "", "", ""], ["home-2-1", "home-1-1", "factory-3", "factory-5", "", "", "", "", "", "", ""], ["home-3-1", "factory-6", "factory-4", "factory-4", "", "", "", "", "", "", ""], ["", "", "", "", "", "", "", "", "", "", ""], ["", "", "", "", "", "", "", "", "", "", ""], ["", "", "", "", "", "", "", "", "", "", ""], ["", "", "", "", "", "", "", "", "", "", ""], ["", "", "", "", "", "", "", "", "", "", ""], ["", "", "", "", "", "", "", "", "", "", ""], ["", "", "", "", "", "", "", "", "", "", ""]], "resources": {"1": 14, "2": 4, "3": 2, "6": 2, "5": 1, "4": 4}, "datetime": {"tax": 1675278548.883846, "factory": {"0-2": 1675305573.905435, "0-3": 1675305573.905435, "1-2": 1675305573.905435, "2-2": 1675305573.905435, "1-3": 1675305573.905435, "2-3": 1675305573.905435, "3-3": 1675305573.905435, "3-2": 1675305573.906441, "3-1": 1675305573.906441}}}