{"name": "my_city", "money": 1716819042874.889, "population": 8452, "hash": "5779cc39462de115870e81134a3193bd010285019fa9a3a90ec148086f60bbca", "tax": 564.25, "grid": [["home-3-1", "home-1-1", "factory-1", "factory-2", "factory-8", "", "", "", "", "", "", ""], ["home-1-1", "home-1-1", "factory-1", "factory-6", "factory-8", "", "", "", "", "", "", ""], ["home-2-1", "home-1-1", "factory-3", "factory-5", "factory-8", "", "", "", "", "", "", ""], ["home-3-1", "factory-6", "factory-4", "factory-4", "factory-8", "", "", "", "", "", "", ""], ["home-1-1", "home-3-1", "park-1", "park-1", "factory-8", "", "", "", "", "", "", ""], ["home-2-1", "park-1", "park-1", "park-2", "factory-8", "", "", "", "", "", "", ""], ["factory-1", "home-1-2", "park-4", "park-3", "factory-8", "", "", "", "", "", "", ""], ["factory-7", "factory-8", "home-1-2", "home-3-2", "factory-7", "", "", "", "", "", "", ""], ["home-3-2", "home-3-2", "home-3-1", "home-3-2", "factory-7", "", "", "", "", "", "", ""], ["", "", "", "", "", "", "", "", "", "", "", ""], ["", "", "", "", "", "", "", "", "", "", "", ""], ["", "", "", "", "", "", "", "", "", "", "", ""]], "resources": {"1": 63.49814835888888, "2": 10.58302454125, "3": 7.05534978675926, "6": 7.0553497868055555, "5": 4.233209927666667, "4": 9.583024819166667, "7": 7.375858884563492, "8": 17.206366300694445}, "datetime": {"tax": 1675563421.751948, "factory": {"0-2": 1675625386.658087, "0-3": 1675625386.658087, "1-2": 1675625386.659087, "2-2": 1675625386.659087, "1-3": 1675625386.659087, "2-3": 1675625386.660088, "3-3": 1675625386.660088, "3-2": 1675625386.660088, "3-1": 1675625386.660088, "6-0": 1675625386.661088, "7-0": 1675625386.661088, "7-1": 1675625386.661088, "0-4": 1675625386.661088, "1-4": 1675625386.661088, "2-4": 1675625386.661088, "3-4": 1675625386.662087, "4-4": 1675625386.662087, "5-4": 1675625386.662087, "6-4": 1675625386.662087, "7-4": 1675625386.662087, "8-4": 1675625386.663087}}}