{"name": "my_city", "money": 12169.8205522904, "population": 8452, "hash": "5779cc39462de115870e81134a3193bd010285019fa9a3a90ec148086f60bbca", "tax": 777.75, "grid": [["home-3-1", "home-1-1", "factory-1", "factory-2", "factory-8", "factory-2", "", "", "", "", "", ""], ["home-1-1", "home-1-1", "factory-1", "factory-6", "factory-8", "factory-2", "", "", "", "", "", ""], ["home-2-1", "home-1-1", "factory-3", "factory-5", "factory-8", "factory-2", "", "", "", "", "", ""], ["home-3-1", "factory-6", "factory-4", "factory-4", "factory-8", "factory-2", "", "", "", "", "", ""], ["home-1-1", "home-3-1", "park-1", "park-1", "factory-8", "factory-2", "", "", "", "", "", ""], ["home-2-1", "park-1", "park-1", "park-2", "factory-8", "factory-8", "", "", "", "", "", ""], ["factory-1", "home-1-2", "park-4", "park-3", "factory-8", "factory-8", "park-4", "", "", "", "", ""], ["factory-7", "factory-8", "home-1-2", "home-3-2", "factory-7", "factory-8", "park-4", "", "", "", "", ""], ["home-3-2", "home-3-2", "home-3-1", "home-3-2", "factory-7", "factory-1", "factory-1", "factory-1", "factory-1", "factory-1", "", ""], ["factory-1", "factory-1", "factory-1", "factory-1", "factory-1", "factory-1", "factory-1", "factory-1", "factory-1", "factory-1", "", ""], ["", "", "", "", "", "", "", "", "", "", "", ""], ["", "", "", "", "", "", "", "", "", "", "", ""]], "resources": {"1": 1.9543171963888881, "2": 0.30933706833233376, "3": 1.5367063583333331, "6": 1.5367063574074076, "5": 1.322023815, "4": 1.8050594666666666, "7": 0.6900510671825395, "8": 1.165711345798611, "c1": 2, "c2": 1, "c8": 0}, "datetime": {"tax": 1675733861.745854, "factory": {"0-2": 1675733518.706539, "0-3": 1675733518.70752, "1-2": 1675733518.70752, "2-2": 1675733518.70752, "1-3": 1675733518.70752, "2-3": 1675733518.70752, "3-3": 1675733518.7085, "3-2": 1675733518.7085, "3-1": 1675733518.7085, "6-0": 1675733518.7085, "7-0": 1675733518.7085, "7-1": 1675733518.7085, "0-4": 1675733518.7085, "1-4": 1675733518.7085, "2-4": 1675733518.7085, "3-4": 1675733518.7085, "4-4": 1675733518.709472, "5-4": 1675733518.709472, "6-4": 1675733518.709472, "7-4": 1675733518.709472, "8-4": 1675733518.709472, "9-0": 1675733518.710446, "9-1": 1675733518.710446, "9-2": 1675733518.710446, "9-3": 1675733518.710446, "9-4": 1675733518.710446, "9-5": 1675733518.710446, "9-6": 1675733518.710446, "9-7": 1675733518.710446, "9-8": 1675733518.71142, "9-9": 1675733518.71142, "8-9": 1675733518.71142, "8-8": 1675733518.71142, "8-7": 1675733518.71142, "8-6": 1675733518.71142, "8-5": 1675733518.71142, "7-5": 1675733518.71142, "6-5": 1675733518.712393, "5-5": 1675733518.712393, "4-5": 1675733518.712393, "3-5": 1675733518.712393, "2-5": 1675733518.712393, "1-5": 1675733518.712393, "0-5": 1675733518.712393}}}