{"name": "other", "money": 0, "population":0,"hash": "47ea147feec375157fdc4ef94bce6803be3f847399e52aab06d2414ce2ea6b92", "tax": 5, "grid": [["", "", "", ""], ["", "", "", ""], ["", "", "", ""], ["home-2-1", "factory-1", "", ""]], "resources": {}, "datetime": {"tax": 1675469889.767447, "factory": {"3-1": 1675469977.447669}}}